type; ID; name; ID2; data; FR; EN;
ALRT;257;Trop de texte;; 0032008000A401CA01015555300A;;;
ALRT;1129;Oui-Non;; 0044003000C701CD04695555280A;;;
ALRT;1130;OK;; 0068002C00F501E2046A5555300A;;;
ALRT;1132;Mic-mac index;; 003C001200C701E4046C5555300A;;;
ALRT;200;Rapport trop long;; 0028002800D3021700C85555300A;;;
ALRT;201;Rapport ras-bord;; 0028002800D8021A00C95555300A;;;
ALRT;258;ProblÃ¨me mÃ©moire 3D;; 0032008000AB01EF01025555300A;;;
MENU;1;;0;flags=FFFFFFF7;;;
MENU;1;;1;keyEquiv=;Ã€ propos de Cassio...;;
MENU;1;;2;keyEquiv=;-;;
MENU;2;Fichier;0;flags=FFFEDDA7;;;
MENU;2;Fichier;1;keyEquiv=N;Nouvelle partie;;
MENU;2;Fichier;2;keyEquiv=O;Ouvrirâ€¦;;
MENU;2;Fichier;3;keyEquiv=;Document rÃ©cent;;
MENU;2;Fichier;4;keyEquiv=W;Fermer la fenÃªtre;;
MENU;2;Fichier;5;keyEquiv=;Importer tout un rÃ©pertoireâ€¦;;
MENU;2;Fichier;6;keyEquiv=;-;;
MENU;2;Fichier;7;keyEquiv=S;Enregistrer la partieâ€¦;;
MENU;2;Fichier;8;keyEquiv=âˆ‘;Enregistrer l'arbre de jeuâ€¦;;
MENU;2;Fichier;9;keyEquiv=;-;;
MENU;2;Fichier;10;keyEquiv=;AperÃ§u avant impressionâ€¦;;
MENU;2;Fichier;11;keyEquiv=;Format d'impressionâ€¦;;
MENU;2;Fichier;12;keyEquiv=;Imprimerâ€¦;;
MENU;2;Fichier;13;keyEquiv=;-;;
MENU;2;Fichier;14;keyEquiv=:;Iconiser;;
MENU;2;Fichier;15;keyEquiv=,;PrÃ©fÃ©rencesâ€¦;;
MENU;2;Fichier;16;keyEquiv=;-;;
MENU;2;Fichier;17;keyEquiv=Q;Quitter;;
MENU;3;Ã‰dition;0;flags=00005501;;;
MENU;3;Ã‰dition;1;keyEquiv=Z;Annuler;;
MENU;3;Ã‰dition;2;keyEquiv=;-;;
MENU;3;Ã‰dition;3;keyEquiv=X;Couper;;
MENU;3;Ã‰dition;4;keyEquiv=C;Copier;;
MENU;3;Ã‰dition;5;keyEquiv=;Copier spÃ©cial;;
MENU;3;Ã‰dition;6;keyEquiv=V;Coller;;
MENU;3;Ã‰dition;7;keyEquiv=;Effacer;;
MENU;3;Ã‰dition;8;keyEquiv=A;Tout sÃ©lectionner;;
MENU;3;Ã‰dition;9;keyEquiv=;-;;
MENU;3;Ã‰dition;10;keyEquiv=@;Configurer le presse-papierâ€¦;;
MENU;3;Ã‰dition;11;keyEquiv=;-;;
MENU;3;Ã‰dition;12;keyEquiv=?;Raccourcis de Cassio;;
MENU;4;Partie;0;flags=FFFE76F7;;;
MENU;4;Partie;1;keyEquiv=;Revenir au coup nÂ°â€¦;;
MENU;4;Partie;2;keyEquiv=Â®;Revenir au dÃ©but;;
MENU;4;Partie;3;keyEquiv=;-;;
MENU;4;Partie;4;keyEquiv=Z;1 coup en arriÃ¨re;;
MENU;4;Partie;5;keyEquiv=E;1 coup en avant;;
MENU;4;Partie;6;keyEquiv=;2 coups en arriÃ¨re;;
MENU;4;Partie;7;keyEquiv=;2 coups en avant;;
MENU;4;Partie;8;keyEquiv=;-;;
MENU;4;Partie;9;keyEquiv=D;Diagrammeâ€¦;;
MENU;4;Partie;10;keyEquiv=+;Taper un diagrammeâ€¦;;
MENU;4;Partie;11;keyEquiv=;-;;
MENU;4;Partie;12;keyEquiv=;Nouvelle branche principaleâ€¦;;
MENU;4;Partie;13;keyEquiv=-;DÃ©truire un coupâ€¦;;
MENU;4;Partie;14;keyEquiv=;Modifier la position...;;
MENU;4;Partie;15;keyEquiv=;-;;
MENU;4;Partie;16;keyEquiv=U;Forcer Cassio Ã  jouer;;
MENU;5;Mode;0;flags=FFFFAFB7;;;
MENU;5;Mode;1;keyEquiv=T;Choix du niveau de jeuâ€¦;;
MENU;5;Mode;2;keyEquiv=;RÃ©flexion sur le temps adverse;;
MENU;5;Mode;3;keyEquiv=;-;;
MENU;5;Mode;4;keyEquiv=;BibliothÃ¨que d'ouvertures active;;
MENU;5;Mode;5;keyEquiv=;Varier les ouvertures;;
MENU;5;Mode;6;keyEquiv=;-;;
MENU;5;Mode;7;keyEquiv=;Milieu de partie (note principale);;
MENU;5;Mode;8;keyEquiv=;Milieu de partie (n meilleures notes);;
MENU;5;Mode;9;keyEquiv=;Milieu de partie (toutes les notes);;
MENU;5;Mode;10;keyEquiv=;Finale (coup gagnant);;
MENU;5;Mode;11;keyEquiv=;Finale (meilleur coup);;
MENU;5;Mode;12;keyEquiv=;-;;
MENU;5;Mode;13;keyEquiv=;Coefficients d'Ã©valuationâ€¦;;
MENU;5;Mode;14;keyEquiv=;-;;
MENU;5;Mode;15;keyEquiv=I;Configurer l'analyse rÃ©trogradeâ€¦;;
MENU;5;Mode;16;keyEquiv=;Analyser la partie;;
MENU;6;Joueurs;0;flags=FFFFFFDB;;;
MENU;6;Joueurs;1;keyEquiv=F;Humain contre Humain;;
MENU;6;Joueurs;2;keyEquiv=;-;;
MENU;6;Joueurs;3;keyEquiv=;Cassio joue les Noirs;;
MENU;6;Joueurs;4;keyEquiv=;Cassio joue les Blancs;;
MENU;6;Joueurs;5;keyEquiv=;Cassio analyse (pour les deux couleurs);;
MENU;6;Joueurs;6;keyEquiv=;-;;
MENU;6;Joueurs;7;keyEquiv=;Ajouter une minute Ã  Noir;;
MENU;6;Joueurs;8;keyEquiv=;Ajouter une minute Ã  Blanc;;
MENU;8;Base;0;flags=FFED5B07;;;
MENU;8;Base;1;keyEquiv=B;Charger des parties de la baseâ€¦;;
MENU;8;Base;2;keyEquiv=;Enregistrer les parties de la liste;;
MENU;8;Base;3;keyEquiv=;-;;
MENU;8;Base;4;keyEquiv=;Ouvrir la partie sÃ©lectionnÃ©e;;
MENU;8;Base;5;keyEquiv=;Jouer le coup de la partie sÃ©lectionnÃ©e;;
MENU;8;Base;6;keyEquiv=;Jouer le coup majoritaire;;
MENU;8;Base;7;keyEquiv=;-;;
MENU;8;Base;8;keyEquiv=;Statistiques;;
MENU;8;Base;9;keyEquiv=;Liste des parties;;
MENU;8;Base;10;keyEquiv=;Nuage de rÃ©gression;;
MENU;8;Base;11;keyEquiv=;-;;
MENU;8;Base;12;keyEquiv=Y;Sous-sÃ©lection active;;
MENU;8;Base;13;keyEquiv=;-;;
MENU;8;Base;14;keyEquiv=ÃŸ;Ajouter la partie Ã  la listeâ€¦;;
MENU;8;Base;15;keyEquiv=>;Renverser l'ordre de la liste;;
MENU;8;Base;16;keyEquiv=;Trier la liste;;
MENU;8;Base;17;keyEquiv=;-;;
MENU;8;Base;18;keyEquiv=;DÃ©finir un groupe;;
MENU;8;Base;19;keyEquiv=;Lister les groupes;;
MENU;8;Base;20;keyEquiv=;-;;
MENU;8;Base;21;keyEquiv=;Interversions autorisÃ©es;;
MENU;10;Solitaire;0;flags=FFFFFFDF;;;
MENU;10;Solitaire;1;keyEquiv=J;Jouer un nouveau solitaire;;
MENU;10;Solitaire;2;keyEquiv=;Configurer les solitairesâ€¦;;
MENU;10;Solitaire;3;keyEquiv=;Enregistrer la solution du solitaireâ€¦;;
MENU;10;Solitaire;4;keyEquiv=;Est un solitaireâ€¦ ?;;
MENU;10;Solitaire;5;keyEquiv=;-;;
MENU;10;Solitaire;6;keyEquiv=K;Nouveau problÃ¨me de prise de coin;;
MENU;10;Solitaire;7;keyEquiv=Ã‹;Est un problÃ¨me de prise de coin ?;;
MENU;10;Solitaire;8;keyEquiv=;Chercher un problÃ¨me de coin dans la liste;;
MENU;100;Couleur;0;flags=FFBFFFF7;;;
MENU;100;Couleur;1;keyEquiv=;Picture 2D;;
MENU;100;Couleur;2;keyEquiv=;Picture 3D;;
MENU;100;Couleur;3;keyEquiv=;-;;
MENU;100;Couleur;4;keyEquiv=;Vert;;
MENU;100;Couleur;5;keyEquiv=;Vert pÃ¢le;;
MENU;100;Couleur;6;keyEquiv=;Vert sapin;;
MENU;100;Couleur;7;keyEquiv=;Vert pomme;;
MENU;100;Couleur;8;keyEquiv=;Vert turquoise;;
MENU;100;Couleur;9;keyEquiv=;Vert kaki;;
MENU;100;Couleur;10;keyEquiv=;Bleu;;
MENU;100;Couleur;11;keyEquiv=;Bleu pÃ¢le;;
MENU;100;Couleur;12;keyEquiv=;Marron;;
MENU;100;Couleur;13;keyEquiv=;Rose;;
MENU;100;Couleur;14;keyEquiv=;Orange;;
MENU;100;Couleur;15;keyEquiv=;Jaune;;
MENU;100;Couleur;16;keyEquiv=;Jaune pÃ¢le;;
MENU;100;Couleur;17;keyEquiv=;Marine;;
MENU;100;Couleur;18;keyEquiv=;Marine pÃ¢le;;
MENU;100;Couleur;19;keyEquiv=;Violet;;
MENU;100;Couleur;20;keyEquiv=;Magenta;;
MENU;100;Couleur;21;keyEquiv=;Magenta pÃ¢le;;
MENU;100;Couleur;22;keyEquiv=;-;;
MENU;100;Couleur;23;keyEquiv=;Choisir une couleurâ€¦;;
MENU;101;Tri;0;flags=FFFFFEFF;;;
MENU;101;Tri;1;keyEquiv=;Par base;;
MENU;101;Tri;2;keyEquiv=;Par date;;
MENU;101;Tri;3;keyEquiv=;Par joueur noir;;
MENU;101;Tri;4;keyEquiv=;Par joueur blanc;;
MENU;101;Tri;5;keyEquiv=;Par ouverture;;
MENU;101;Tri;6;keyEquiv=;Par rÃ©sultat thÃ©orique;;
MENU;101;Tri;7;keyEquiv=;Par score rÃ©el;;
MENU;101;Tri;8;keyEquiv=;-;;
MENU;101;Tri;9;keyEquiv=;Trier suivant un classement de tournoiâ€¦;;
MENU;103;RÃ©ouvrir;0;flags=FFFFFFFF;;;
MENU;3001;Ouverture;0;flags=FFFFFFFB;;;
MENU;3001;Ouverture;1;keyEquiv=;Ã  la sourisâ€¦;;
MENU;3001;Ouverture;2;keyEquiv=;-;;
MENU;3002;Fond;0;flags=FFFFFFFB;;;
MENU;3002;Fond;1;keyEquiv=;Transparent;;
MENU;3002;Fond;2;keyEquiv=;-;;
MENU;3002;Fond;3;keyEquiv=;Blanc;;
MENU;3002;Fond;4;keyEquiv=;Vert;;
MENU;3002;Fond;5;keyEquiv=;Bleu;;
MENU;3002;Fond;6;keyEquiv=;Cyan;;
MENU;3002;Fond;7;keyEquiv=;Magenta;;
MENU;3002;Fond;8;keyEquiv=;Rouge;;
MENU;3002;Fond;9;keyEquiv=;Jaune;;
MENU;3002;Fond;10;keyEquiv=;Noir;;
MENU;3003;IntensitÃ©;0;flags=FFFFFFFF;;;
MENU;3003;IntensitÃ©;1;keyEquiv=;25%;;
MENU;3003;IntensitÃ©;2;keyEquiv=;50%;;
MENU;3003;IntensitÃ©;3;keyEquiv=;75%;;
MENU;3003;IntensitÃ©;4;keyEquiv=;100%;;
MENU;3004;Bases;0;flags=FFFFFFEF;;;
MENU;3004;Bases;1;keyEquiv=;Toutes les bases  ;;
MENU;3004;Bases;2;keyEquiv=;Certaines bases  ;;
MENU;3004;Bases;3;keyEquiv=;Aucune base  ;;
MENU;3004;Bases;4;keyEquiv=;-;;
MENU;9;Ï€;0;flags=FFFFFFFF;;;
MENU;9;Ï€;1;keyEquiv=;Ajuster modÃ¨le linÃ©aire de finale;;
MENU;9;Ï€;2;keyEquiv=Â£;Rechercher les solitaires de la liste;;
MENU;9;Ï€;3;keyEquiv=;PrÃ©fÃ©rences spÃ©cialesâ€¦;;
MENU;9;Ï€;4;keyEquiv=;Ouvrir une bibliothÃ¨queâ€¦;;
MENU;9;Ï€;5;keyEquiv=;Gestion de la base WTHOR;;
MENU;9;Ï€;6;keyEquiv=;Nettoyer le graphe d'apprentissage;;
MENU;9;Ï€;7;keyEquiv=;Benchmark de milieu;;
MENU;9;Ï€;8;keyEquiv=;Effet spÃ©cial 1;;
MENU;9;Ï€;9;keyEquiv=;Effet spÃ©cial 2;;
MENU;9;Ï€;10;keyEquiv=;InutilisÃ©;;
MENU;9;Ï€;11;keyEquiv=;InutilisÃ©;;
MENU;9;Ï€;12;keyEquiv=%;InutilisÃ©;;
MENU;9;Ï€;13;keyEquiv=;PrÃ©compiler les sources de Cassio;;
MENU;9;Ï€;14;keyEquiv=;Cellule d'apprentissage->rapport;;
MENU;9;Ï€;15;keyEquiv=;Tout Ã©crire dans Â« Rapport.log Â»;;
MENU;9;Ï€;16;keyEquiv=;Algo MÃ©taphone pour deviner les noms;;
MENU;9;Ï€;17;keyEquiv=â€ ;Traitement de texte;;
MENU;9;Ï€;18;keyEquiv=;Matchâ€¦;;
MENU;9;Ï€;19;keyEquiv=;Arrondir les Ã©valuations;;
MENU;9;Ï€;20;keyEquiv=;Faire confiance aux scores de l'arbre;;
MENU;3005;Marques spÃ©ciales;0;flags=FF6EEEEF;;;
MENU;3005;Marques spÃ©ciales;1;keyEquiv=;Coup intÃ©ressant;;
MENU;3005;Marques spÃ©ciales;2;keyEquiv=;Coup douteux;;
MENU;3005;Marques spÃ©ciales;3;keyEquiv=;Coup exotique;;
MENU;3005;Marques spÃ©ciales;4;keyEquiv=;-;;
MENU;3005;Marques spÃ©ciales;5;keyEquiv=;Delta noir;;
MENU;3005;Marques spÃ©ciales;6;keyEquiv=;Delta blanc;;
MENU;3005;Marques spÃ©ciales;7;keyEquiv=;Delta (transparent);;
MENU;3005;Marques spÃ©ciales;8;keyEquiv=;-;;
MENU;3005;Marques spÃ©ciales;9;keyEquiv=;Losange noir;;
MENU;3005;Marques spÃ©ciales;10;keyEquiv=;Losange blanc;;
MENU;3005;Marques spÃ©ciales;11;keyEquiv=;Losange (transparent);;
MENU;3005;Marques spÃ©ciales;12;keyEquiv=;-;;
MENU;3005;Marques spÃ©ciales;13;keyEquiv=;CarrÃ© noir;;
MENU;3005;Marques spÃ©ciales;14;keyEquiv=;CarrÃ© blanc;;
MENU;3005;Marques spÃ©ciales;15;keyEquiv=;CarrÃ© (transparent);;
MENU;3005;Marques spÃ©ciales;16;keyEquiv=;-;;
MENU;3005;Marques spÃ©ciales;17;keyEquiv=;Petit rond noir;;
MENU;3005;Marques spÃ©ciales;18;keyEquiv=;Petit rond blanc;;
MENU;3005;Marques spÃ©ciales;19;keyEquiv=;Petit rond (transparent);;
MENU;3005;Marques spÃ©ciales;20;keyEquiv=;-;;
MENU;3005;Marques spÃ©ciales;21;keyEquiv=;Croix;;
MENU;3005;Marques spÃ©ciales;22;keyEquiv=;Ã‰toile;;
MENU;3005;Marques spÃ©ciales;23;keyEquiv=;-;;
MENU;3005;Marques spÃ©ciales;24;keyEquiv=;FlÃ¨cheâ€¦;;
MENU;3005;Marques spÃ©ciales;25;keyEquiv=;Ligneâ€¦;;
MENU;104;Milieu de partie (n meilleures notes);0;flags=FFFFFFFF;;;
MENU;104;Milieu de partie (n meilleures notes);1;keyEquiv=;2 meilleures notes;;
MENU;104;Milieu de partie (n meilleures notes);2;keyEquiv=;3 meilleures notes;;
MENU;104;Milieu de partie (n meilleures notes);3;keyEquiv=;4 meilleures notes;;
MENU;104;Milieu de partie (n meilleures notes);4;keyEquiv=;5 meilleures notes;;
MENU;104;Milieu de partie (n meilleures notes);5;keyEquiv=;6 meilleures notes;;
MENU;104;Milieu de partie (n meilleures notes);6;keyEquiv=;7 meilleures notes;;
MENU;104;Milieu de partie (n meilleures notes);7;keyEquiv=;8 meilleures notes;;
MENU;104;Milieu de partie (n meilleures notes);8;keyEquiv=;9 meilleures notes;;
MENU;104;Milieu de partie (n meilleures notes);9;keyEquiv=;10 meilleures notes;;
MENU;104;Milieu de partie (n meilleures notes);10;keyEquiv=;11 meilleures notes;;
MENU;104;Milieu de partie (n meilleures notes);11;keyEquiv=;12 meilleures notes;;
MENU;3006;Type analyse;0;flags=FFFFFFEF;;;
MENU;3006;Type analyse;1;keyEquiv=;Finale parfaite;;
MENU;3006;Type analyse;2;keyEquiv=;Finale gagnant/perdant;;
MENU;3006;Type analyse;3;keyEquiv=;Milieu de partie;;
MENU;3006;Type analyse;4;keyEquiv=;-;;
MENU;3006;Type analyse;5;keyEquiv=;Rien du tout;;
MENU;105;Nb de meilleures notes;0;flags=FFFFFDFF;;;
MENU;105;Nb de meilleures notes;1;keyEquiv=;Meilleure note;;
MENU;105;Nb de meilleures notes;2;keyEquiv=;2 meilleures notes  ;;
MENU;105;Nb de meilleures notes;3;keyEquiv=;3 meilleures notes;;
MENU;105;Nb de meilleures notes;4;keyEquiv=;4 meilleures notes;;
MENU;105;Nb de meilleures notes;5;keyEquiv=;5 meilleures notes;;
MENU;105;Nb de meilleures notes;6;keyEquiv=;6 meilleures notes;;
MENU;105;Nb de meilleures notes;7;keyEquiv=;7 meilleures notes;;
MENU;105;Nb de meilleures notes;8;keyEquiv=;8 meilleures notes;;
MENU;105;Nb de meilleures notes;9;keyEquiv=;-;;
MENU;105;Nb de meilleures notes;10;keyEquiv=;Toutes les notes;;
MENU;106;Profondeur;0;flags=FFFFEFFF;;;
MENU;106;Profondeur;1;keyEquiv=;Profondeur 3;;
MENU;106;Profondeur;2;keyEquiv=;Profondeur 5;;
MENU;106;Profondeur;3;keyEquiv=;Profondeur 7;;
MENU;106;Profondeur;4;keyEquiv=;Profondeur 9;;
MENU;106;Profondeur;5;keyEquiv=;Profondeur 11;;
MENU;106;Profondeur;6;keyEquiv=;Profondeur 13;;
MENU;106;Profondeur;7;keyEquiv=;Profondeur 15;;
MENU;106;Profondeur;8;keyEquiv=;Profondeur 17;;
MENU;106;Profondeur;9;keyEquiv=;Profondeur 19;;
MENU;106;Profondeur;10;keyEquiv=;Profondeur 21;;
MENU;106;Profondeur;11;keyEquiv=;Profondeur 23;;
MENU;106;Profondeur;12;keyEquiv=;-;;
MENU;106;Profondeur;13;keyEquiv=;10 sec. par coup;;
MENU;106;Profondeur;14;keyEquiv=;20 sec. par coup;;
MENU;106;Profondeur;15;keyEquiv=;30 sec. par coup;;
MENU;106;Profondeur;16;keyEquiv=;1 min. par coup;;
MENU;106;Profondeur;17;keyEquiv=;2 min. par coup;;
MENU;106;Profondeur;18;keyEquiv=;5 min. par coup;;
MENU;106;Profondeur;19;keyEquiv=;15 min. par coup   ;;
MENU;106;Profondeur;20;keyEquiv=;1 h. par coup;;
MENU;107;DurÃ©e analyse;0;flags=FFFBFBFF;;;
MENU;107;DurÃ©e analyse;1;keyEquiv=;Pendant 1 minute;;
MENU;107;DurÃ©e analyse;2;keyEquiv=;Pendant 2 minutes;;
MENU;107;DurÃ©e analyse;3;keyEquiv=;Pendant 5 minutes;;
MENU;107;DurÃ©e analyse;4;keyEquiv=;Pendant 10 minutes;;
MENU;107;DurÃ©e analyse;5;keyEquiv=;Pendant 30 minutes;;
MENU;107;DurÃ©e analyse;6;keyEquiv=;Pendant 1 heure;;
MENU;107;DurÃ©e analyse;7;keyEquiv=;Pendant 2 heures;;
MENU;107;DurÃ©e analyse;8;keyEquiv=;Pendant 6 heures;;
MENU;107;DurÃ©e analyse;9;keyEquiv=;Pendant 12 heures;;
MENU;107;DurÃ©e analyse;10;keyEquiv=;-;;
MENU;107;DurÃ©e analyse;11;keyEquiv=;Jusqu'au coup 45;;
MENU;107;DurÃ©e analyse;12;keyEquiv=;Jusqu'au coup 40;;
MENU;107;DurÃ©e analyse;13;keyEquiv=;Jusqu'au coup 35;;
MENU;107;DurÃ©e analyse;14;keyEquiv=;Jusqu'au coup 30;;
MENU;107;DurÃ©e analyse;15;keyEquiv=;Jusqu'au coup 25;;
MENU;107;DurÃ©e analyse;16;keyEquiv=;Jusqu'au coup 20;;
MENU;107;DurÃ©e analyse;17;keyEquiv=;Jusqu'au coup 15;;
MENU;107;DurÃ©e analyse;18;keyEquiv=;-;;
MENU;107;DurÃ©e analyse;19;keyEquiv=;Jusqu'Ã  la fin des temps     ;;
MENU;108;Format;0;flags=FFFFFFFF;;;
MENU;108;Format;1;keyEquiv=;format PGN (Portable Game Notation);;
MENU;108;Format;2;keyEquiv=;format WTB (WThor database);;
MENU;108;Format;3;keyEquiv=;format texteâ€¦;;
MENU;108;Format;4;keyEquiv=;format HTMLâ€¦;;
MENU;108;Format;5;keyEquiv=;format XOF (OthBase);;
MENU;108;Format;6;keyEquiv=;format PAR (Thor.par);;
MENU;109;Pictures 2D;0;flags=FFFFFFFF;;;
MENU;110;Pictures 3D;0;flags=FFFFFFFF;;;
MENU;102;Copier spÃ©cial;0;flags=FFFFFFBF;;;
MENU;102;Copier spÃ©cial;1;keyEquiv=Â©;Copier la suite des coups en TEXT;;
MENU;102;Copier spÃ©cial;2;keyEquiv=;Copier le diagramme de la partie en TEXT;;
MENU;102;Copier spÃ©cial;3;keyEquiv=;Copier la position courante en TEXT;;
MENU;102;Copier spÃ©cial;4;keyEquiv=;Copier la position courante en HTML;;
MENU;102;Copier spÃ©cial;5;keyEquiv=;Copier la position pour script de finales;;
MENU;102;Copier spÃ©cial;6;keyEquiv=;-;;
MENU;102;Copier spÃ©cial;7;keyEquiv=0;Copier un diagramme 10x10â€¦;;
MENU;3007;Joueurs noirs rÃ©cents;0;flags=FFFFFFFB;;;
MENU;3007;Joueurs noirs rÃ©cents;1;keyEquiv=;Joueurs noirs rÃ©cents;;
MENU;3007;Joueurs noirs rÃ©cents;2;keyEquiv=;-;;
MENU;3008;Tournois rÃ©cents;0;flags=FFFFFFFB;;;
MENU;3008;Tournois rÃ©cents;1;keyEquiv=;Tournois rÃ©cents;;
MENU;3008;Tournois rÃ©cents;2;keyEquiv=;-;;
MENU;3009;Joueurs blancs rÃ©cents;0;flags=FFFFFFFB;;;
MENU;3009;Joueurs blancs rÃ©cents;1;keyEquiv=;Joueurs blancs rÃ©cents;;
MENU;3009;Joueurs blancs rÃ©cents;2;keyEquiv=;-;;
MENU;3010;Bases (saisie);0;flags=FFFFFFFB;;;
MENU;3010;Bases (saisie);1;keyEquiv=;CrÃ©er une nouvelle baseâ€¦;;
MENU;3010;Bases (saisie);2;keyEquiv=;-;;
MENU;3011;Police Rapport;0;flags=FFFFFFFF;;;
MENU;3011;Police Rapport;1;keyEquiv=;Baskerville;;
MENU;3011;Police Rapport;2;keyEquiv=;Times New Roman;;
MENU;3011;Police Rapport;3;keyEquiv=;Moderne;;
MENU;3011;Police Rapport;4;keyEquiv=;Gill Sans;;
MENU;3011;Police Rapport;5;keyEquiv=;Simple (Mac OS 9);;
MENU;7;Affichage;0;flags=FFFEFD77;;;
MENU;7;Affichage;1;keyEquiv=;Voir l'othellier en 3D;;
MENU;7;Affichage;2;keyEquiv=;Couleur;;
MENU;7;Affichage;3;keyEquiv=;-;;
MENU;7;Affichage;4;keyEquiv=;SymÃ©trie  F5-->E6;;
MENU;7;Affichage;5;keyEquiv=;SymÃ©trie  F5-->D3;;
MENU;7;Affichage;6;keyEquiv=;Rotation   F5-->C4;;
MENU;7;Affichage;7;keyEquiv=;-;;
MENU;7;Affichage;8;keyEquiv=Ã ;Configurer l'affichageâ€¦;;
MENU;7;Affichage;9;keyEquiv=;-;;
MENU;7;Affichage;10;keyEquiv==;Palette flottante;;
MENU;7;Affichage;11;keyEquiv=R;FenÃªtre du Rapport;;
MENU;7;Affichage;12;keyEquiv=P;FenÃªtre de RÃ©flexion de Cassio;;
MENU;7;Affichage;13;keyEquiv=G;FenÃªtre de Gestion du temps;;
MENU;7;Affichage;14;keyEquiv=$;FenÃªtre de l'Arbre de jeu;;
MENU;7;Affichage;15;keyEquiv=;FenÃªtre de la Courbe d'Ã©valuation;;
MENU;7;Affichage;16;keyEquiv=<;Faire dÃ©filer les fenÃªtres;;
MENU;7;Affichage;17;keyEquiv=;-;;
MENU;7;Affichage;18;keyEquiv=;Son;;
MENU;111;Gestion de la base;0;flags=FFFFFF6F;;;
MENU;111;Gestion de la base;1;keyEquiv=;Changer le tournoi des parties sÃ©lectionnÃ©es;;
MENU;111;Gestion de la base;2;keyEquiv=; Changer le joueur noir des parties sÃ©lectionnÃ©es;;
MENU;111;Gestion de la base;3;keyEquiv=; Changer le joueur blanc des parties sÃ©lectionnÃ©es;;
MENU;111;Gestion de la base;4;keyEquiv=;-;;
MENU;111;Gestion de la base;5;keyEquiv=;SÃ©lectionner les parties oÃ¹ score thÃ©orique = rÃ©el;;
MENU;111;Gestion de la base;6;keyEquiv=;Calculer le score thÃ©orique des parties sÃ©lectionnÃ©es;;
MENU;111;Gestion de la base;7;keyEquiv=;-;;
MENU;111;Gestion de la base;8;keyEquiv=;CrÃ©er un tournoiâ€¦;;
MENU;111;Gestion de la base;9;keyEquiv=;CrÃ©er un joueurâ€¦;;
MENU;3012;Choix Evaluation;0;flags=FFFFFFFF;;;
MENU;3012;Choix Evaluation;1;keyEquiv=;Cassio;;
MENU;3012;Choix Evaluation;2;keyEquiv=;Edmond;;
MENU;3013;Parallelisme;0;flags=FFFFFFFF;;;
MENU;3013;Parallelisme;1;keyEquiv=;1;;
MENU;3013;Parallelisme;2;keyEquiv=;2;;
MENU;3013;Parallelisme;3;keyEquiv=;3;;
MENU;3013;Parallelisme;4;keyEquiv=;4;;
MENU;3013;Parallelisme;5;keyEquiv=;5;;
MENU;3013;Parallelisme;6;keyEquiv=;6;;
MENU;3013;Parallelisme;7;keyEquiv=;7;;
MENU;3013;Parallelisme;8;keyEquiv=;8;;
MENU;3013;Parallelisme;9;keyEquiv=;9;;
MENU;3013;Parallelisme;10;keyEquiv=;10;;
MENU;3013;Parallelisme;11;keyEquiv=;11;;
MENU;3013;Parallelisme;12;keyEquiv=;12;;
MENU;3013;Parallelisme;13;keyEquiv=;13;;
MENU;3013;Parallelisme;14;keyEquiv=;14;;
MENU;3013;Parallelisme;15;keyEquiv=;15;;
MENU;3013;Parallelisme;16;keyEquiv=;16;;
MENU;3014;Pop-up Liste;0;flags=FFFFFFFF;;;
MENU;3014;Pop-up Liste;1;keyEquiv=;Enregistrer au format PGNâ€¦;;
MENU;3014;Pop-up Liste;2;keyEquiv=;Enregistrer au format WTBâ€¦;;
MENU;3014;Pop-up Liste;3;keyEquiv=;Enregistrer au format texteâ€¦;;
MENU;3014;Pop-up Liste;4;keyEquiv=;Enregistrer au format HTMLâ€¦;;
MENU;3014;Pop-up Liste;5;keyEquiv=;Enregistrer au format XOFâ€¦;;
MENU;3014;Pop-up Liste;6;keyEquiv=;Enregistrer au format PARâ€¦;;
MENU;112;Gestion de la base;0;flags=FFFFFFDF;;;
MENU;112;Gestion de la base;1;keyEquiv=;Evaluation d'Edmond / score thÃ©orique;;
MENU;112;Gestion de la base;2;keyEquiv=;Evaluation de Cassio / score thÃ©orique;;
MENU;112;Gestion de la base;3;keyEquiv=;Evaluation du vieux Cassio / score thÃ©orique;;
MENU;112;Gestion de la base;4;keyEquiv=;Evaluation d'Edax / score thÃ©orique;;
MENU;112;Gestion de la base;5;keyEquiv=;-;;
MENU;112;Gestion de la base;6;keyEquiv=;Score final / score thÃ©orique;;
MENU;112;Gestion de la base;7;keyEquiv=;Evalluation d'ouverture / score final;;
STR#;10014;A propos de Cassio...;1;;Cassio;;
STR#;10014;A propos de Cassio...;2;;merci Ã  Bruno Causse et Richard Delorme;;
STR#;10014;A propos de Cassio...;3;;version ^0    shareware Ã  15 Euros.;;
STR#;10014;A propos de Cassio...;4;;Â© 1992-2018 StÃ©phane Nicolet;;
STR#;10014;A propos de Cassio...;5;;24, rue Titon 75011 PARIS;;
STR#;10014;A propos de Cassio...;6;;(+33) 01 43 72 53 55;;
STR#;10014;A propos de Cassio...;7;;(reserved);;
STR#;1000;Raccourcis;1;;Liste des raccourcis de Cassio :;;
STR#;1000;Raccourcis;2;;;;
STR#;1000;Raccourcis;3;;;;
STR#;1000;Raccourcis;4;;Jeu contre Cassio :;;
STR#;1000;Raccourcis;5;;;;
STR#;1000;Raccourcis;6;;;;
STR#;1000;Raccourcis;7;;;;
STR#;1000;Raccourcis;8;;clic hors de l'othellier;;
STR#;1000;Raccourcis;9;;montre les coups lÃ©gaux;;
STR#;1000;Raccourcis;10;;C;;
STR#;1000;Raccourcis;11;;change la couleur de Cassio;;
STR#;1000;Raccourcis;12;;option-X;;
STR#;1000;Raccourcis;13;;lance la rÃ©flexion de Cassio;;
STR#;1000;Raccourcis;14;;option-F (option-G);;
STR#;1000;Raccourcis;15;;lance la finale en mode meilleur coup (coup gagnant);;
STR#;1000;Raccourcis;16;;effacement;;
STR#;1000;Raccourcis;17;;montre puis joue la suggestion de Cassio;;
STR#;1000;Raccourcis;18;;double-clic sur la courbe;;
STR#;1000;Raccourcis;19;;revient au coup correspondant;;
STR#;1000;Raccourcis;20;;;;
STR#;1000;Raccourcis;21;;;;
STR#;1000;Raccourcis;22;;;;
STR#;1000;Raccourcis;23;;;;
STR#;1000;Raccourcis;24;;Navigation dans la partie :;;
STR#;1000;Raccourcis;25;;;;
STR#;1000;Raccourcis;26;;;;
STR#;1000;Raccourcis;27;;;;
STR#;1000;Raccourcis;28;;R, flÃ¨che gauche;;
STR#;1000;Raccourcis;29;;recule d'un coup;;
STR#;1000;Raccourcis;30;;E, flÃ¨che droite;;
STR#;1000;Raccourcis;31;;avance d'un coup;;
STR#;1000;Raccourcis;32;;O;;
STR#;1000;Raccourcis;33;;recule de deux coups;;
STR#;1000;Raccourcis;34;;P;;
STR#;1000;Raccourcis;35;;avance de deux coups;;
STR#;1000;Raccourcis;36;;option-R, option-Z;;
STR#;1000;Raccourcis;37;;retourne au dÃ©but de la partie;;
STR#;1000;Raccourcis;38;;option-E;;
STR#;1000;Raccourcis;39;;va Ã  la fin de la partie;;
STR#;1000;Raccourcis;40;;option-clic sur une case;;
STR#;1000;Raccourcis;41;;recule ou avance jusqu'au coup pointÃ©;;
STR#;1000;Raccourcis;42;;clic sur le dernier coup;;
STR#;1000;Raccourcis;43;;dÃ©placer/annuler le dernier coup;;
STR#;1000;Raccourcis;44;;\newpage;;
STR#;1000;Raccourcis;45;;\newpage;;
STR#;1000;Raccourcis;46;;;;
STR#;1000;Raccourcis;47;;;;
STR#;1000;Raccourcis;48;;FenÃªtre de la liste de parties :;;
STR#;1000;Raccourcis;49;;;;
STR#;1000;Raccourcis;50;;;;
STR#;1000;Raccourcis;51;;;;
STR#;1000;Raccourcis;52;;L;;
STR#;1000;Raccourcis;53;;ouvre/ferme la fenÃªtre de liste;;
STR#;1000;Raccourcis;54;;tabulation;;
STR#;1000;Raccourcis;55;;montre/cache les tournois dans la liste;;
STR#;1000;Raccourcis;56;;majuscule-fl. haute/basse;;
STR#;1000;Raccourcis;57;;sÃ©lectionne la premiÃ¨re/derniÃ¨re partie de la liste;;
STR#;1000;Raccourcis;58;;pomme-clic dans les parties;;
STR#;1000;Raccourcis;59;;sÃ©lection multiple de parties;;
STR#;1000;Raccourcis;60;;pomme-delete;;
STR#;1000;Raccourcis;61;;dÃ©truit les parties sÃ©lectionnÃ©es;;
STR#;1000;Raccourcis;62;;flÃªche droite/flÃªche gauche;;
STR#;1000;Raccourcis;63;;joue/dÃ©joue un coup dans la partie sÃ©lectionnÃ©e;;
STR#;1000;Raccourcis;64;;retour chariot;;
STR#;1000;Raccourcis;65;;joue la partie sÃ©lectionnÃ©e jusqu'Ã  la fin;;
STR#;1000;Raccourcis;66;;entrÃ©e;;
STR#;1000;Raccourcis;67;;sÃ©lectionne les cases de sous-critÃ¨res dans le ruban de la liste;;
STR#;1000;Raccourcis;68;;= (dans un sous-critÃ¨re);;
STR#;1000;Raccourcis;69;;complÃ©mentation du nom d'un joueur ou d'un tournoi (peut Ãªtre rÃ©pÃ©tÃ©);;
STR#;1000;Raccourcis;70;;pomme-option-Y;;
STR#;1000;Raccourcis;71;;Ã©change les Noirs et les Blancs dans les sous-critÃ¨res;;
STR#;1000;Raccourcis;72;;clic dans le ruban;;
STR#;1000;Raccourcis;73;;trie la liste selon le critÃ¨re cliquÃ©;;
STR#;1000;Raccourcis;74;;clic sur le losange du ruban;;
STR#;1000;Raccourcis;75;;active/dÃ©sactive les sous-critÃ¨res;;
STR#;1000;Raccourcis;76;;option-clic sur le losange;;
STR#;1000;Raccourcis;77;;Ã©change les Noirs et les Blancs dans les sous-critÃ¨res;;
STR#;1000;Raccourcis;78;;;;
STR#;1000;Raccourcis;79;;;;
STR#;1000;Raccourcis;80;;;;
STR#;1000;Raccourcis;81;;;;
STR#;1000;Raccourcis;82;;FenÃªtre des statistiques :;;
STR#;1000;Raccourcis;83;;;;
STR#;1000;Raccourcis;84;;S;;
STR#;1000;Raccourcis;85;;ouvre/ferme la fenÃªtre des statistiques;;
STR#;1000;Raccourcis;86;;espace;;
STR#;1000;Raccourcis;87;;joue le coup majoritaire des statistiques;;
STR#;1000;Raccourcis;88;;clic sur une ligne;;
STR#;1000;Raccourcis;89;;joue le coup correspondant sur l'othellier;;
STR#;1000;Raccourcis;90;;clic dans le ruban;;
STR#;1000;Raccourcis;91;;recule d'un coup;;
STR#;1000;Raccourcis;92;;\newpage;;
STR#;1000;Raccourcis;93;;\newpage;;
STR#;1000;Raccourcis;94;;;;
STR#;1000;Raccourcis;95;;;;
STR#;1000;Raccourcis;96;;Dialogue de chargement de la base :;;
STR#;1000;Raccourcis;97;;;;
STR#;1000;Raccourcis;98;;;;
STR#;1000;Raccourcis;99;;;;
STR#;1000;Raccourcis;100;;clic sur les othelliers;;
STR#;1000;Raccourcis;101;;permet de jouer un coup ou de revenir en arriere;;
STR#;1000;Raccourcis;102;;pomme-Z;;
STR#;1000;Raccourcis;103;;recule d'un coup;;
STR#;1000;Raccourcis;104;;pomme-N;;
STR#;1000;Raccourcis;105;;position de dÃ©part;;
STR#;1000;Raccourcis;106;;=;;
STR#;1000;Raccourcis;107;;complÃ©mentation du nom d'un joueur ou d'un tournoi (peut Ãªtre rÃ©pÃ©tÃ©);;
STR#;1000;Raccourcis;108;;tabulation;;
STR#;1000;Raccourcis;109;;navigation dans les champs de texte;;
STR#;1000;Raccourcis;110;;;;
STR#;1000;Raccourcis;111;;;;
STR#;1000;Raccourcis;112;;;;
STR#;1000;Raccourcis;113;;;;
STR#;1000;Raccourcis;114;;Divers :;;
STR#;1000;Raccourcis;115;;;;
STR#;1000;Raccourcis;116;;;;
STR#;1000;Raccourcis;117;;;;
STR#;1000;Raccourcis;118;;3;;
STR#;1000;Raccourcis;119;;change la vue en 2D/3D;;
STR#;1000;Raccourcis;120;;=;;
STR#;1000;Raccourcis;121;;ouvre/ferme la palette flottante;;
STR#;1000;Raccourcis;122;;pomme-option-W;;
STR#;1000;Raccourcis;123;;ferme toutes les fenÃªtres d'analyse (i.e. autre que l'othellier);;
STR#;1000;Raccourcis;124;;pomme-clic sur l'othellier;;
STR#;1000;Raccourcis;125;;iconise Cassio;;
STR#;1000;Raccourcis;126;;option-case de dimension;;
STR#;1000;Raccourcis;127;;permet de redimensionner la fenÃªtre de l'othellier sans changer;;
STR#;1000;Raccourcis;128;;;;
STR#;1000;Raccourcis;129;;la taille de celui-ci;;
STR#;1000;Raccourcis;130;;option-P;;
STR#;1000;Raccourcis;131;;menu magique;;
STR#;1000;Raccourcis;132;;option-ctrl-H-delete;;
STR#;1000;Raccourcis;133;;permet d'accÃ©der Ã  cet Ã©cran d'aide;;
STR#;1000;Raccourcis;134;;majuscule-F-F-O;;
STR#;1000;Raccourcis;135;;fait le cafÃ©;;
STR#;1000;Raccourcis;136;;\newpage;;
STR#;1000;Raccourcis;137;;\newpage;;
STR#;1000;Raccourcis;138;;;;
STR#;1000;Raccourcis;139;;;;
STR#;1000;Raccourcis;140;;EntrÃ©e de transcripts :;;
STR#;1000;Raccourcis;141;;;;
STR#;1000;Raccourcis;142;;;;
STR#;1000;Raccourcis;143;;;;
STR#;1000;Raccourcis;144;;pomme-N;;
STR#;1000;Raccourcis;145;;vide le transcript;;
STR#;1000;Raccourcis;146;;0-9;;
STR#;1000;Raccourcis;147;;chiffres;;
STR#;1000;Raccourcis;148;;espace, entrÃ©e;;
STR#;1000;Raccourcis;149;;espace;;
STR#;1000;Raccourcis;150;;=;;
STR#;1000;Raccourcis;151;;completion de la plus longue partie lÃ©gale;;
STR#;1000;Raccourcis;152;;return;;
STR#;1000;Raccourcis;153;;si le transcript est complet, on l'enregistre dans la base;;
STR#;1000;Raccourcis;154;;;;
STR#;1000;Raccourcis;155;;sinon, met l'othellier de gauche dans le transcript;;
STR#;1000;Raccourcis;156;;pomme-Z;;
STR#;1000;Raccourcis;157;;annule la frappe;;
STR#;1000;Raccourcis;158;;pomme-maj-Z;;
STR#;1000;Raccourcis;159;;redo (ie annule l'annulation);;
STR#;1000;Raccourcis;160;;/, espace dur;;
STR#;1000;Raccourcis;161;;insÃ©re un espace + dÃ©calage Ã  droite;;
STR#;1000;Raccourcis;162;;\, virgule;;
STR#;1000;Raccourcis;163;;efface le caractere + dÃ©calage Ã  gauche;;
STR#;1000;Raccourcis;164;;tabulation;;
STR#;1000;Raccourcis;165;;cycle sur les doublons et les cases vides;;
STR#;1000;Raccourcis;166;;maj-tabulation;;
STR#;1000;Raccourcis;167;;idem, mais dans l'autre sens;;
STR#;1000;Raccourcis;168;;+,-;;
STR#;1000;Raccourcis;169;;incrÃ©mente (dÃ©crÃ©mente) la case, et tous ses successeurs;;
STR#;1000;Raccourcis;170;;i, >;;
STR#;1000;Raccourcis;171;;incrÃ©mente la case sous le curseur;;
STR#;1000;Raccourcis;172;;d, <;;
STR#;1000;Raccourcis;173;;dÃ©crÃ©mente la case sous le curseur;;
STR#;1000;Raccourcis;174;;flÃ¨ches;;
STR#;1000;Raccourcis;175;;dÃ©place le curseur Ã  petits pas;;
STR#;1000;Raccourcis;176;;maj-flÃ¨ches;;
STR#;1000;Raccourcis;177;;dÃ©place le curseur Ã  grands pas;;
STR#;1000;Raccourcis;178;;pomme-flÃ¨che gauche;;
STR#;1000;Raccourcis;179;;dÃ©place le curseur au dÃ©but de la ligne;;
STR#;1000;Raccourcis;180;;pomme-flÃ¨che droite;;
STR#;1000;Raccourcis;181;;dÃ©place le curseur Ã  la fin de la ligne;;
STR#;1000;Raccourcis;182;;pomme-flÃ¨che-en-haut;;
STR#;1000;Raccourcis;183;;dÃ©place le curseur en A1;;
STR#;1000;Raccourcis;184;;pomme-flÃ¨che-en-bas;;
STR#;1000;Raccourcis;185;;dÃ©place le curseur en H8;;
STR#;1000;Raccourcis;186;;escape;;
STR#;1000;Raccourcis;187;;quitte le mode entrÃ©e de transcript;;
STR#;2000;Menus changeants;1;;Fermer la fenÃªtre;;
STR#;2000;Menus changeants;2;;Tout fermer;;
STR#;2000;Menus changeants;3;;Ajouter une minute Ã  Noir;;
STR#;2000;Menus changeants;4;;Enlever une minute Ã  Noir;;
STR#;2000;Menus changeants;5;;Ajouter une minute Ã  Blanc;;
STR#;2000;Menus changeants;6;;Enlever une minute Ã  Blanc;;
STR#;2000;Menus changeants;7;;SymÃ©trie  ^0;;
STR#;2000;Menus changeants;8;;Rotation   ^0;;
STR#;2000;Menus changeants;9;;Jouer un nouveau solitaire;;
STR#;2000;Menus changeants;10;;Solitaire prÃ©cÃ©dent;;
STR#;2000;Menus changeants;11;;Sous-sÃ©lection active;;
STR#;2000;Menus changeants;12;;Intervertir les sous-critÃ¨res des joueurs;;
STR#;2000;Menus changeants;13;;RÃ©ouvrir;;
STR#;2000;Menus changeants;14;;RÃ©ouvrir Â«^0Â»;;
STR#;2000;Menus changeants;15;;Iconiser;;
STR#;2000;Menus changeants;16;;DÃ©iconiser;;
STR#;2000;Menus changeants;17;;Milieu de partie (^0 meilleures notes);;
STR#;2000;Menus changeants;18;;Milieu de partie (n meilleures notes);;
STR#;2000;Menus changeants;19;;Enregistrer la solution du solitaireâ€¦;;
STR#;2000;Menus changeants;20;;Enregistrer la solution du solitaire (avec scores)â€¦;;
STR#;2000;Menus changeants;21;;reserved;;
STR#;2000;Menus changeants;22;;reserved;;
STR#;2000;Menus changeants;23;;reserved;;
STR#;2000;Menus changeants;24;;reserved;;
STR#;2000;Menus changeants;25;;reserved;;
STR#;2000;Menus changeants;26;;reserved;;
STR#;2000;Menus changeants;27;;reserved;;
STR#;2000;Menus changeants;28;;reserved;;
STR#;2000;Menus changeants;29;;L'intitulÃ© suivant est la ligne Ã  rajouter au menu "Couleur" (de l'othellier si le fichier "Photos Cassio" est disponible.;;
STR#;2000;Menus changeants;30;;Photographique;;
STR#;2000;Menus changeants;31;;Voir l'othellier en 3D;;
STR#;2000;Menus changeants;32;;Voir l'othellier en 2D;;
STR#;2000;Menus changeants;33;;Enregistrer la partieâ€¦;;
STR#;2000;Menus changeants;34;;Enregistrer la partie jusqu'Ã  cette positionâ€¦;;
STR#;2000;Menus changeants;35;;format texteâ€¦;;
STR#;2000;Menus changeants;36;;format texte (respecter le tri)â€¦;;
STR#;2000;Menus changeants;37;;format HTMLâ€¦;;
STR#;2000;Menus changeants;38;;format HTML (respecter le tri)â€¦;;
STR#;2000;Menus changeants;39;;format PGN (Portable Game Notation);;
STR#;2000;Menus changeants;40;;format PGN (Portable Game Notation) (respecter le tri);;
STR#;2000;Menus changeants;41;;format XOF (OthBase);;
STR#;2000;Menus changeants;42;;format XOF (Othbase) (respecter le tri);;
STR#;10001;Textes Courbe;1;;bon pour Noir;;
STR#;10001;Textes Courbe;2;;bon pour Blanc;;
STR#;10001;Textes Courbe;3;;coup;;
STR#;10003;Textes Liste;1;;Aucune partie chargÃ©e !;;
STR#;10003;Textes Liste;2;;Pas de partie compatible !;;
STR#;10003;Textes Liste;3;;Position de dÃ©part non standardâ€¦;;
STR#;10003;Textes Liste;4;;(critÃ¨res de sous-sÃ©lection actifs);;
STR#;10003;Textes Liste;5;;Pas encore pu charger les noms des joueursâ€¦;;
STR#;10003;Textes Liste;6;;Tournoi;;
STR#;10003;Textes Liste;7;;Noir;;
STR#;10003;Textes Liste;8;;Blanc;;
STR#;10003;Textes Liste;9;;th.;;
STR#;10003;Textes Liste;10;;score;;
STR#;10003;Textes Liste;11;;â€¢â€¢ note to Cassio's translators : next three strings should be initials of Black, White and Draw, IN THAT ORDER â€¢â€¢;;
STR#;10003;Textes Liste;12;;N;;
STR#;10003;Textes Liste;13;;B;;
STR#;10003;Textes Liste;14;;E;;
STR#;10003;Textes Liste;15;;Base;;
STR#;10003;Textes Liste;16;;Inclure les ordinateurs;;
STR#;10003;Textes Liste;17;;^0 parties;;
STR#;10003;Textes Liste;18;;^0 partie;;
STR#;10003;Textes Liste;19;;(^0 nouvelles);;
STR#;10004;Textes Gestion;1;;allouÃ© pour ce coup : ^0 sec.;;
STR#;10004;Textes Gestion;2;;utilisÃ© pour la prof. ^0 : ^1 sec.;;
STR#;10004;Textes Gestion;3;;prÃ©vu pour la prof. ^0 : ^1 sec.;;
STR#;10004;Textes Gestion;4;;divergence :  ;;
STR#;10004;Textes Gestion;5;;nbre tours du compteur :  ;;
STR#;10004;Textes Gestion;6;;nbre nÅ“uds :  ;;
STR#;10004;Textes Gestion;7;;nb feuilles par sec :  ;;
STR#;10004;Textes Gestion;8;;nb nÅ“uds par sec :  ;;
STR#;10004;Textes Gestion;9;;moteur : ;;
STR#;10004;Textes Gestion;10;;^0 proc.;;
STR#;10004;Textes Gestion;11;;1 proc.;;
STR#;10004;Textes Gestion;12;;utilisÃ© pour la finale Ã  ^0 : ^1 sec.;;
STR#;10004;Textes Gestion;13;;prÃ©vu pour la finale Ã  ^0 : ^1 sec.;;
STR#;10006;Textes Othellier;1;;NOIRS: ;;
STR#;10006;Textes Othellier;2;;BLANCS: ;;
STR#;10006;Textes Othellier;3;;Votre coup, Noirâ€¦;;
STR#;10006;Textes Othellier;4;;Votre coup, Blancâ€¦;;
STR#;10006;Textes Othellier;5;;Je rÃ©flÃ©chis au choix des Noirs;;
STR#;10006;Textes Othellier;6;;Je rÃ©flÃ©chis au choix des Blancs;;
STR#;10006;Textes Othellier;7;;rech. coup gagnant (finale);;
STR#;10006;Textes Othellier;8;;rech. meilleur coup (finale);;
STR#;10006;Textes Othellier;9;;rech. pseudo-finale;;
STR#;10006;Textes Othellier;10;;si;;
STR#;10006;Textes Othellier;11;;tous les coups ^0 sont perdants;;
STR#;10006;Textes Othellier;12;;tous les coups ^0 sont probablement perdants;;
STR#;10006;Textes Othellier;13;;annule;;
STR#;10006;Textes Othellier;14;;est gagnant;;
STR#;10006;Textes Othellier;15;;est perdant;;
STR#;10006;Textes Othellier;16;;annule probablement;;
STR#;10006;Textes Othellier;17;;est probablement gagnant;;
STR#;10006;Textes Othellier;18;;est probablement perdant;;
STR#;10006;Textes Othellier;19;;Analyse pour Noir;;
STR#;10006;Textes Othellier;20;;Analyse pour Blanc;;
STR#;10006;Textes Othellier;21;;Partie nulle !;;
STR#;10006;Textes Othellier;22;;Noir Gagne ^0 !;;
STR#;10006;Textes Othellier;23;;Blanc Gagne ^0 !;;
STR#;10006;Textes Othellier;24;;Je gagne ^0 !;;
STR#;10006;Textes Othellier;25;;Vous gagnez ^0 !;;
STR#;10006;Textes Othellier;26;;gagne;;
STR#;10006;Textes Othellier;27;;perd;;
STR#;10006;Textes Othellier;28;;nulle;;
STR#;10006;Textes Othellier;29;;Trait Ã  Noir;;
STR#;10006;Textes Othellier;30;;Trait Ã  Blanc;;
STR#;10007;Textes groupes;1;;Liste des groupes :;;
STR#;10007;Textes groupes;2;;La dÃ©finition d'un groupe ne peut faire plus de 255 caractÃ¨res;;
STR#;10007;Textes groupes;3;;Syntaxe incorrecte;;
STR#;10007;Textes groupes;4;;Souhaitez-vous effacer le groupe Â«Â ^0Â Â»Â ?;;
STR#;10007;Textes groupes;5;;reserved;;
STR#;10007;Textes groupes;6;;Vous ne pouvez pas dÃ©finir plus de 25 groupes.;;
STR#;10009;Textes rÃ©trograde;1;;################################################################;;
STR#;10009;Textes rÃ©trograde;2;;Analyse rÃ©trograde de la finale;;
STR#;10009;Textes rÃ©trograde;3;;suite optimale aprÃ¨s ^0 : ^1;;
STR#;10009;Textes rÃ©trograde;4;;score rÃ©el de la partie : ^0;;
STR#;10009;Textes rÃ©trograde;5;;Analyse rÃ©trograde en coursâ€¦;;
STR#;10009;Textes rÃ©trograde;6;;Analyse rÃ©trograde interrompueâ€¦;;
STR#;10009;Textes rÃ©trograde;7;;Analyse rÃ©trograde terminÃ©eâ€¦;;
STR#;10009;Textes rÃ©trograde;8;;?;;
STR#;10009;Textes rÃ©trograde;9;;??;;
STR#;10009;Textes rÃ©trograde;10;;Noir rate le gain;;
STR#;10009;Textes rÃ©trograde;11;;Noir donne le gain;;
STR#;10009;Textes rÃ©trograde;12;;Noir rate la nulle;;
STR#;10009;Textes rÃ©trograde;13;;Noir perd 1 pion;;
STR#;10009;Textes rÃ©trograde;14;;Noir perd ^0 pions;;
STR#;10009;Textes rÃ©trograde;15;;Blanc rate le gain;;
STR#;10009;Textes rÃ©trograde;16;;Blanc donne le gain;;
STR#;10009;Textes rÃ©trograde;17;;Blanc rate la nulle;;
STR#;10009;Textes rÃ©trograde;18;;Blanc perd 1 pion;;
STR#;10009;Textes rÃ©trograde;19;;Blanc perd ^0 pions;;
STR#;10009;Textes rÃ©trograde;20;;fait nulle;;
STR#;10009;Textes rÃ©trograde;21;;fait ^0;;
STR#;10009;Textes rÃ©trograde;22;;^0 faisait nulle;;
STR#;10009;Textes rÃ©trograde;23;;^0 faisait ^1;;
STR#;10009;Textes rÃ©trograde;24;;^0 Ã©tait gagnant;;
STR#;10009;Textes rÃ©trograde;25;;Noir est gagnant;;
STR#;10009;Textes rÃ©trograde;26;;Blanc est gagnant;;
STR#;10009;Textes rÃ©trograde;27;;premiÃ¨re passe;;
STR#;10009;Textes rÃ©trograde;28;;deuxiÃ¨me passe;;
STR#;10009;Textes rÃ©trograde;29;;troisiÃ¨me passe;;
STR#;10009;Textes rÃ©trograde;30;;quatriÃ¨me passe;;
STR#;10009;Textes rÃ©trograde;31;;cinquiÃ¨me passe;;
STR#;10009;Textes rÃ©trograde;32;;passe numÃ©ro ^0;;
STR#;10009;Textes rÃ©trograde;33;;Noir perd environ ^0 pions;;
STR#;10009;Textes rÃ©trograde;34;;Blanc perd environ ^0 pions;;
STR#;10009;Textes rÃ©trograde;35;;^0 Ã©tait meilleur;;
STR#;10009;Textes rÃ©trograde;36;;^0 faisait 1 pion de plus et annulait;;
STR#;10009;Textes rÃ©trograde;37;;^0 faisait ^1 pions de plus et annulait;;
STR#;10009;Textes rÃ©trograde;38;;^0 faisait 1 pion de plus et gagnait ^2;;
STR#;10009;Textes rÃ©trograde;39;;^0 faisait ^1 pions de plus et gagnait ^2;;
STR#;10010;Textes SetUp;1;;Vous pouvez cliquer sur;;
STR#;10010;Textes SetUp;2;;le numÃ©ro d'un coup;;
STR#;10010;Textes SetUp;3;;pour y revenirâ€¦;;
STR#;10010;Textes SetUp;4;;Cliquez sur un coup pour y revenirâ€¦;;
STR#;10010;Textes SetUp;5;;Annuler;;
STR#;10010;Textes SetUp;6;;Valider;;
STR#;10010;Textes SetUp;7;;Tout effacer;;
STR#;10010;Textes SetUp;8;;Tout inverser;;
STR#;10010;Textes SetUp;9;;Ã‰valuer;;
STR#;10010;Textes SetUp;10;;Ã©valuation pour Noir :;;
STR#;10010;Textes SetUp;11;;Ã©valuation pour Blanc :;;
STR#;10011;Textes coeffs;1;;RÃ©glez les coefficients de la fonction d'Ã©valuation :;;
STR#;10011;Textes coeffs;2;;valeur frontiÃ¨re :;;
STR#;10011;Textes coeffs;3;;pour chaque pion en frontiÃ¨re :;;
STR#;10011;Textes coeffs;4;;valeur centre :;;
STR#;10011;Textes coeffs;5;;valeur grand centre :;;
STR#;10011;Textes coeffs;6;;valeur bÃ©tonnage :;;
STR#;10011;Textes coeffs;7;;valeur minimisation :;;
STR#;10011;Textes coeffs;8;;valeur prise coin :;;
STR#;10011;Textes coeffs;9;;valeur dÃ©fense coin :;;
STR#;10011;Textes coeffs;10;;valeur coin :;;
STR#;10011;Textes coeffs;11;;valeur case X :;;
STR#;10011;Textes coeffs;12;;pÃ©nalitÃ© pour le trait :;;
STR#;10011;Textes coeffs;13;;valeur du bord Nord;;
STR#;10011;Textes coeffs;14;;valeur du bord Ouest;;
STR#;10011;Textes coeffs;15;;valeur du bord Est;;
STR#;10011;Textes coeffs;16;;valeur du bord Sud;;
STR#;10011;Textes coeffs;17;;pour noir;;
STR#;10011;Textes coeffs;18;;pour blanc;;
STR#;10011;Textes coeffs;19;;valeur mobilitÃ©Â :;;
STR#;10011;Textes coeffs;20;;valeur pour noir;;
STR#;10012;Textes bibliothÃ¨que;1;;Ouverture du fichier ^0 impossible !;;
STR#;10012;Textes bibliothÃ¨que;2;;VÃ©rifiez qu'il est bien Ã  cÃ´tÃ© du programme Cassio ou;;
STR#;10012;Textes bibliothÃ¨que;3;;dans le dossier Â« Fichiers auxiliaires Â» sur le disque dur.;;
STR#;10012;Textes bibliothÃ¨que;4;;Lecture de la bibliothÃ¨que d'ouvertureâ€¦;;
STR#;10012;Textes bibliothÃ¨que;5;;bibliothÃ¨que trop grosse;;
STR#;10012;Textes bibliothÃ¨que;6;;ligne impossible;;
STR#;10012;Textes bibliothÃ¨que;7;;le total des rÃ©ponses ne fait pas 100 %;;
STR#;10012;Textes bibliothÃ¨que;8;;trop de lignes;;
STR#;10015;A propos de la FFOâ€¦;1;;Rejoignez la FFO !!!;;
STR#;10015;A propos de la FFOâ€¦;2;;FÃ©dÃ©ration FranÃ§aise d'Othello;;
STR#;10015;A propos de la FFOâ€¦;3;;http://ffothello.org;;
STR#;10015;A propos de la FFOâ€¦;4;;email : cassio@free.fr;;
STR#;10015;A propos de la FFOâ€¦;5;;(reserved);;
STR#;10015;A propos de la FFOâ€¦;6;;Cassio ^0 par StÃ©phane Nicolet;;
STR#;10015;A propos de la FFOâ€¦;7;;remerciements : Bruno Causse, Sylvain Quin, Marc Tastet,;;
STR#;10015;A propos de la FFOâ€¦;8;;Richard Delorme, Emmanuel Lazard et Dominique Penloup;;
STR#;10015;A propos de la FFOâ€¦;9;;(reserved);;
STR#;10016;Textes d'erreurs;1;;Votre fichier Â«PrÃ©fÃ©rences CassioÂ» n'est pas compatible avec cette version de Cassio. Je vais en crÃ©er un mieux.;;
STR#;10016;Textes d'erreurs;2;;Impossible d'ouvrir le rapportâ€¦;;
STR#;10016;Textes d'erreurs;3;;Le presse-papier ne contient pas une partie d'Othello lÃ©gale au format texte (par ex. F5D6C3D3C4â€¦), ni dans un autre format que je connaisse :-(;;
STR#;10016;Textes d'erreurs;4;;Le fichier Â«^0Â» ne semble pas Ãªtre dans un des formats que je connais. Je suis dÃ©solÃ© de ne pas pouvoir l'ouvrir.;;
STR#;10016;Textes d'erreurs;5;;Le fichier Â«^0Â» est introuvableÂ ! Il est peut-Ãªtre ouvert par une autre applicationâ€¦   code erreur = ^1;;
STR#;10016;Textes d'erreurs;6;;Il n'est pas possible d'ouvrir un script de finale alors que je rÃ©flÃ©chis sur une position. Veuillez interrompre ma rÃ©flexion, puis rÃ©ouvrir le fichier.;;
STR#;10016;Textes d'erreurs;7;;pseudo inconnu : ;;
STR#;10016;Textes d'erreurs;8;;tournoi inconnu : ;;
STR#;10016;Textes d'erreurs;9;;doublon : ;;
STR#;10016;Textes d'erreurs;10;;partie complÃ©tÃ©e :-);;
STR#;10016;Textes d'erreurs;11;;incomplÃ¨te : ;;
STR#;10016;Textes d'erreurs;12;;problÃ¨me sur la longueur de la partie : ;;
STR#;10016;Textes d'erreurs;13;;Export : ^0 partiesâ€¦;;
STR#;10016;Textes d'erreurs;14;;### ligne impossible : ;;
STR#;10016;Textes d'erreurs;15;;Fichier non reconnu : ;;
STR#;10016;Textes d'erreurs;16;;joueurs dans le fichier =  ;;
STR#;10016;Textes d'erreurs;17;;La sÃ©quence en cours ne part pas de la position initiale.;;
STR#;10016;Textes d'erreurs;18;;Vous ne pourrez donc pas l'utiliser pour trouver une partie dans la base WThor (je suis dÃ©solÃ©).;;
STR#;10016;Textes d'erreurs;19;;Je n'arrive pas Ã  coller le contenu du presse-papier.;;
STR#;10016;Textes d'erreurs;20;;Vous avez modifiÃ© Ã  la main l'arbre de jeuÂ !;;
STR#;10016;Textes d'erreurs;21;;IN NO EVENT SHALL CASSIO OR ANY OTHER CONTRIBUTOR BE LIABLE FOR ANY CLAIM, DAMAGES OR OTHER LIABILITY, WHETHER IN AN ACTION OF CONTRACT, TORT OR OTHERWISE, ARISING FROM, OUT OF OR IN CONNECTION WITH THE EDITION OF THE GAME TREE OR ITS SUBSEQUENT USE :-);;
STR#;10016;Textes d'erreurs;22;;Souhaitez-vous redresser la position initiale ?;;
STR#;10016;Textes d'erreurs;23;;La position initiale de cette partie est inversÃ©e par rapport Ã  la position standard d'othello. Cliquez sur 'Oui' pour faire une symÃ©trie qui ramÃ¨ne Ã  de l'othello normal.;;
STR#;10019;Textes impression;1;;RÃ©glez les paramÃ¨tres des diagrammes pour le presse-papier :;;
STR#;10019;Textes impression;2;;RÃ©glez les paramÃ¨tres des diagrammes pour l'impression :;;
STR#;10019;Textes impression;3;;AprÃ¨s ^0;;
STR#;10019;Textes impression;4;;nb de pages : ^0;;
STR#;10019;Textes impression;5;;page ^0;;
STR#;10019;Textes impression;6;;Impression de Â«^0Â»;;
STR#;10019;Textes impression;7;;Position : ^0;;
STR#;10019;Textes impression;8;;Diagramme : ^0;;
STR#;10019;Textes impression;9;;Statistiques : ^0;;
STR#;10019;Textes impression;10;;Liste : ^0;;
STR#;10019;Textes impression;11;;BibliothÃ¨que : ^0;;
STR#;10019;Textes impression;12;;Feuille de notation : ^0;;
STR#;10019;Textes impression;13;;Pour annuler, tapez Escape ou -point (.).;;
STR#;10005;Textes Reflexion;1;;rech. meilleur coup (finale);;
STR#;10005;Textes Reflexion;2;;rech. coup gagnant (finale);;
STR#;10005;Textes Reflexion;3;;rech. pseudo-finale;;
STR#;10005;Textes Reflexion;4;;tri des coups (prof=^0)â€¦;;
STR#;10005;Textes Reflexion;5;;milieu de partie, profondeur=^0;;
STR#;10005;Textes Reflexion;6;;coup nÂ°^0 (sur ^1);;
STR#;10005;Textes Reflexion;7;;gagnant;;
STR#;10005;Textes Reflexion;8;;larg. gagn.;;
STR#;10005;Textes Reflexion;9;;perdant;;
STR#;10005;Textes Reflexion;10;;larg. perd.;;
STR#;10005;Textes Reflexion;11;;nulle;;
STR#;10005;Textes Reflexion;12;;est gagnant;;
STR#;10005;Textes Reflexion;13;;larg. gagn.;;
STR#;10005;Textes Reflexion;14;;est meilleur;;
STR#;10005;Textes Reflexion;15;;larg. meill.;;
STR#;10005;Textes Reflexion;16;;pas mieux;;
STR#;10005;Textes Reflexion;17;;perd de ^0;;
STR#;10005;Textes Reflexion;18;;annule;;
STR#;10005;Textes Reflexion;19;;gagne de +^0;;
STR#;10005;Textes Reflexion;20;;Nulle;;
STR#;10005;Textes Reflexion;21;;pas explorÃ©;;
STR#;10005;Textes Reflexion;22;;rÃ©flexion au coup ^1 pour ^0â€¦;;
STR#;10013;Textes rapport;1;;Bienvenue dans Cassioâ€¦;;
STR#;10013;Textes rapport;2;;Recherche au coup ^0 pour ^1 : milieu de partie;;
STR#;10013;Textes rapport;3;;Recherche au coup ^0 pour ^1 : pseudo-finale;;
STR#;10013;Textes rapport;4;;Recherche au coup ^0 pour ^1 : finale gagnant/perdant;;
STR#;10013;Textes rapport;5;;Recherche au coup ^0 pour ^1 : finale parfaite;;
STR#;10013;Textes rapport;6;;Oooups ! Ma pendule !;;
STR#;10013;Textes rapport;7;;Score final ^0;;
STR#;10013;Textes rapport;8;;FÃ©licitations !;;
STR#;10013;Textes rapport;9;;Voulez-vous en faire une autre ?;;
STR#;10013;Textes rapport;10;;conseil : ^0;;
STR#;10013;Textes rapport;11;;nb feuilles gÃ©nÃ©rÃ©es = ;;
STR#;10013;Textes rapport;12;;nb nÅ“uds gÃ©nÃ©rÃ©s = ;;
STR#;10013;Textes rapport;13;;temps = ^0 sec. = ^1 h. ^2 min. ^3 sec.;;
STR#;10013;Textes rapport;14;;temps = ^0 sec. = ^1 min. ^2 sec.;;
STR#;10013;Textes rapport;15;;temps = ^0 sec.;;
STR#;10013;Textes rapport;16;;Attention !!! Je n'ai pas pu lire toute la base.;;
STR#;10013;Textes rapport;17;;Pour pouvoir charger plus de parties, essayez;;
STR#;10013;Textes rapport;18;;de m'allouer plus de mÃ©moire dans la fenÃªtre;;
STR#;10013;Textes rapport;19;;Â«Informations sur CassioÂ» du Finder.;;
STR#;10013;Textes rapport;20;;(1 Mo = 12000 parties supplÃ©mentaires environ).;;
STR#;10013;Textes rapport;21;;ProblÃ¨me dans mon algorithme (p=^0) !;;
STR#;10013;Textes rapport;22;;ProblÃ¨me dans mon algorithme (ScorePourVerif=^0 et ScoreSuite=^1) !;;
STR#;10013;Textes rapport;23;;LE GRAPHE D'APPRENTISSAGE PROPOSE UN COUP ILLEGAL !!!;;
STR#;10013;Textes rapport;24;;Le rapport devient un peu long. Vous devriez en effacer une partie pour faire de la place.;;
STR#;10013;Textes rapport;25;;Le rapport est rempli Ã  ras-bord. Veuillez en effacer une partie pour faire de la place.;;
STR#;10013;Textes rapport;26;;Le rapport a Ã©tÃ© vidÃ©.;;
STR#;10013;Textes rapport;27;;Il y a trop de texte dans le presse-papier pour pouvoir l'ajouter au rapportâ€¦;;
STR#;10013;Textes rapport;28;;LA BIBLIOTHEQUE PROPOSE UN COUP ILLEGAL !!!;;
STR#;10013;Textes rapport;29;;CONNAITSUITEPARFAITE PROPOSE UN COUP ILLEGAL !!!;;
STR#;10013;Textes rapport;30;;REPONSEINSTANTANEE PROPOSE UN COUP ILLEGAL !!!;;
STR#;10013;Textes rapport;31;;CHOIXMAC PROPOSE UN COUP ILLEGAL !!!;;
STR#;10013;Textes rapport;32;;Vous avez gagnÃ© ^0 parties d'affilÃ©e au niveau Champion !;;
STR#;10013;Textes rapport;33;;OK, voyons si vous serez aussi fort au niveau suivant :-);;
STR#;10013;Textes rapport;34;;Je passe au niveau DÃ©butant.;;
STR#;10013;Textes rapport;35;;Je passe au niveau Amateur.;;
STR#;10013;Textes rapport;36;;Je passe au niveau Joueur de club.;;
STR#;10013;Textes rapport;37;;Je passe au niveau Fort.;;
STR#;10013;Textes rapport;38;;Je passe au niveau Expert.;;
STR#;10013;Textes rapport;39;;Je passe au niveau Grand-MaÃ®tre;;
STR#;10013;Textes rapport;40;;Je passe au niveau Champion.;;
STR#;10013;Textes rapport;41;;des PrÃ©fÃ©rences de Cassio.;;
STR#;10013;Textes rapport;42;;J'ai rÃ©ussi Ã  importer ^0 parties dans le fichier Â« ^1 Â».;;
STR#;10013;Textes rapport;43;;J'ai rÃ©ussi Ã  importer ^0 partie dans le fichier Â« ^1 Â».;;
STR#;10013;Textes rapport;44;;J'ai rÃ©ussi Ã  importer ^0 parties depuis le presse-papier.;;
STR#;10013;Textes rapport;45;;J'ai rÃ©ussi Ã  importer ^0 partie depuis le presse-papier.;;
STR#;10013;Textes rapport;46;;Pour info, le fichier contenait ^0 lignes.;;
STR#;10013;Textes rapport;47;;Il y avait ^0 partie trop courte ou illÃ©gale.;;
STR#;10013;Textes rapport;48;;Il y avait par ailleurs ^0 parties trop courtes ou illÃ©gales.;;
STR#;10013;Textes rapport;49;;prof =;;
STR#;10013;Textes rapport;50;;feuilles =;;
STR#;10013;Textes rapport;51;;nÅ“uds =;;
STR#;10013;Textes rapport;52;;temps =;;
STR#;10013;Textes rapport;53;;cumul =;;
STR#;10017;Textes base;1;;nb parties dans la base : ^0;;
STR#;10017;Textes base;2;;Partie nÂ° ^0;;
STR#;10017;Textes base;3;;chargement des joueurs et des tournoisâ€¦;;
STR#;10017;Textes base;4;;analyse des joueursâ€¦;;
STR#;10017;Textes base;5;;analyse des tournoisâ€¦;;
STR#;10017;Textes base;6;;tri des partiesâ€¦;;
STR#;10017;Textes base;7;;lecture de l'index des Noirsâ€¦;;
STR#;10017;Textes base;8;;lecture de l'index des Blancsâ€¦;;
STR#;10017;Textes base;9;;lecture de l'index des ouverturesâ€¦;;
STR#;10017;Textes base;10;;lecture :;;
STR#;10017;Textes base;11;;Stop !;;
STR#;10017;Textes base;12;;Abandon;;
STR#;10017;Textes base;13;;â€¦dont ^0 en ^1;;
STR#;10017;Textes base;14;;â€¦dont ^0 aprÃ¨s ^1;;
STR#;10017;Textes base;15;;â€¦dont ^0 avant ^1;;
STR#;10021;Textes nouveau format;1;;Erreur durant la lecture du fichier des joueurs ! (codeErreur=^0);;
STR#;10021;Textes nouveau format;2;;Erreur durant la lecture du fichier des tournois ! (codeErreur=^0);;
STR#;10021;Textes nouveau format;3;;Nom de la base Ã  crÃ©er ?;;
STR#;10021;Textes nouveau format;4;;Une base de ce nom existe dÃ©jÃ  !;;
STR#;10021;Textes nouveau format;5;;Nom du fichier Ã  crÃ©erÂ ?;;
STR#;10021;Textes nouveau format;6;;THOR.PAR;;
STR#;10021;Textes nouveau format;7;;Impossible de sauvegarder plus de 500 parties dans un fichier THOR.PAR !;;
STR#;10002;Textes Statistiques;1;;Statistiques;;
STR#;10002;Textes Statistiques;2;;rÃ©elles;;
STR#;10002;Textes Statistiques;3;;thÃ©oriques;;
STR#;10002;Textes Statistiques;4;;Coup;;
STR#;10002;Textes Statistiques;5;;Parties;;
STR#;10002;Textes Statistiques;6;;% noir;;
STR#;10002;Textes Statistiques;7;;% blanc;;
STR#;10002;Textes Statistiques;8;;Aucune partie chargÃ©e !;;
STR#;10002;Textes Statistiques;9;;total;;
STR#;10002;Textes Statistiques;10;;Pas de partie compatible !;;
STR#;10002;Textes Statistiques;11;;(critÃ¨res de sous-sÃ©lection actifs);;
STR#;10002;Textes Statistiques;12;;Dernier coup !;;
STR#;10002;Textes Statistiques;13;;Dernier coup de la base !;;
STR#;10002;Textes Statistiques;14;;Position de dÃ©part non standardâ€¦;;
STR#;10000;Titres des fenÃªtres;1;;Othellier;;
STR#;10000;Titres des fenÃªtres;2;;Palette;;
STR#;10000;Titres des fenÃªtres;3;;Liste des parties;;
STR#;10000;Titres des fenÃªtres;4;;Statistiques;;
STR#;10000;Titres des fenÃªtres;5;;Rapport;;
STR#;10000;Titres des fenÃªtres;6;;Courbe;;
STR#;10000;Titres des fenÃªtres;7;;RÃ©flexion;;
STR#;10000;Titres des fenÃªtres;8;;Gestion du temps;;
STR#;10000;Titres des fenÃªtres;9;;^0;;
STR#;10000;Titres des fenÃªtres;10;;Aide;;
STR#;10000;Titres des fenÃªtres;11;;Nuage;;
STR#;10008;Textes solitaires;1;;Noir joue et gagneâ€¦;;
STR#;10008;Textes solitaires;2;;Blanc joue et gagneâ€¦;;
STR#;10008;Textes solitaires;3;;Noir joue et annuleâ€¦;;
STR#;10008;Textes solitaires;4;;Blanc joue et annuleâ€¦;;
STR#;10008;Textes solitaires;5;;gagne;;
STR#;10008;Textes solitaires;6;;annule;;
STR#;10008;Textes solitaires;7;;JP;;
STR#;10008;Textes solitaires;8;;VP;;
STR#;10008;Textes solitaires;9;;Nom du fichier solution ?;;
STR#;10008;Textes solitaires;10;;Je calcule toutes les suitesâ€¦;;
STR#;10008;Textes solitaires;11;;Un peu de patience, s'il vous plaitâ€¦ (tapez escape pour interrompre);;
STR#;10008;Textes solitaires;12;;nbre de lignes;;
STR#;10008;Textes solitaires;13;;Veuillez valider la position comme solitaire avant de m'en demander la solution !;;
STR#;10008;Textes solitaires;14;;sans titre;;
STR#;10008;Textes solitaires;15;;Un solitaire de ^0 lignes (difficultÃ© ^1 %) est peut-Ãªtre un peu court pour Fforum. Voulez-vous essayer la version longueÂ ?;;
STR#;10008;Textes solitaires;16;;La version longue fait ^0 lignes et a une difficultÃ© de ^1 %.;;
STR#;10008;Textes solitaires;17;;Le solitaire devenait trop gros. Le calcul a Ã©tÃ© interrompu car Cassio risquait de planter.;;
STR#;10008;Textes solitaires;18;;Ce solitaire fait ^0 lignes et a une difficultÃ© de ^1 %.;;
STR#;10008;Textes solitaires;19;;Noir;;
STR#;10008;Textes solitaires;20;;Blanc;;
STR#;10008;Textes solitaires;21;;^0 a un seul coup lÃ©gal.;;
STR#;10008;Textes solitaires;22;;^0 est perdant.;;
STR#;10008;Textes solitaires;23;;^0 a au moins deux coups gagnants.;;
STR#;10008;Textes solitaires;24;;^0 peut faire nulle de deux faÃ§ons.;;
STR#;10008;Textes solitaires;25;;^0 a un seul coup gagnant, mais aura le choix plus tard.;;
STR#;10008;Textes solitaires;26;;^0 a un seul coup pour faire nulle, mais aura le choix plus tard.;;
STR#;10008;Textes solitaires;27;;^0 a un coup gagnant qui lui assure deux lignes gagnantes plus tard.;;
STR#;10008;Textes solitaires;28;;^0 a un coup qui fait nulle et qui lui assure deux lignes optimales plus tard.;;
STR#;10008;Textes solitaires;29;;Il y a ^0 faÃ§on  de faire ^1 pions;;
STR#;10008;Textes solitaires;30;;Il y a ^0 faÃ§ons de faire ^1 pions;;
STR#;10008;Textes solitaires;31;;DifficultÃ© du solitaire : ^0 %;;
STR#;10008;Textes solitaires;32;;^0 solitaires;;
STR#;10008;Textes solitaires;33;;Plus un solitaire a de cases vides, plus il est difficile.;;
STR#;10008;Textes solitaires;34;;Astuce: pendant un solitaire, tapez sur Delete pour de l'aide.;;
STR#;10022;Textes transcript;1;;Coup manquant : ;;
STR#;10022;Textes transcript;2;;Coups manquants : ;;
STR#;10022;Textes transcript;3;;Suggestion:;;
STR#;10022;Textes transcript;4;;fait ;;
STR#;10023;Textes problÃ¨mes de coin;1;;Noir prend un coin en ^0 coups;;
STR#;10023;Textes problÃ¨mes de coin;2;;Blanc prend un coin en ^0 coups;;
STR#;10023;Textes problÃ¨mes de coin;3;;Solution = ^0;;
STR#;10023;Textes problÃ¨mes de coin;4;;Pas de puzzle de prise de coin pour Noir entre ^0 et ^1 coups;;
STR#;10023;Textes problÃ¨mes de coin;5;;Pas de puzzle de prise de coin pour Blanc entre ^0 et ^1 coups;;
STR#;10023;Textes problÃ¨mes de coin;6;;Noir peut dÃ©jÃ  prendre un coin !;;
STR#;10023;Textes problÃ¨mes de coin;7;;Blanc peut dÃ©jÃ  prendre un coin !;;
STR#;10023;Textes problÃ¨mes de coin;8;;Noir a plusieurs solutions pour prendre un coin en ^0 coups : ;;
STR#;10023;Textes problÃ¨mes de coin;9;;Blanc a plusieurs solutions pour prendre un coin en ^0 coups : ;;
STR#;10023;Textes problÃ¨mes de coin;10;;Noir en ^0 coups;;
STR#;10023;Textes problÃ¨mes de coin;11;;Blanc en ^0 coups;;
STR#;10023;Textes problÃ¨mes de coin;12;;Noir a dÃ©jÃ  un coin !;;
STR#;10023;Textes problÃ¨mes de coin;13;;Blanc a dÃ©jÃ  un coin !;;
STR#;10020;Textes divers;1;;Nom de la partie :;;
STR#;10020;Textes divers;2;;sans titre;;
STR#;10020;Textes divers;3;;PrÃ©fÃ©rences ^0;;
STR#;10020;Textes divers;4;;Nom de l'arbre de jeu :;;
STR#;10020;Textes divers;5;;Couleur de l'othellierÂ :;;
STR#;10020;Textes divers;6;;note to Cassio translators : do *not* change the following string, leave it in french;;
STR#;10020;Textes divers;7;;version normale;;
STR#;10020;Textes divers;8;;Commentaires;;
STR#;10020;Textes divers;9;;Commentaires de ;;
STR#;10020;Textes divers;10;;Choisissez un rÃ©pertoire avec des parties;;
STR#;10020;Textes divers;11;;Nom du fichier d'export ?;;
STR#;10020;Textes divers;12;;Nombre de positions dans la bibliothÃ¨que de Zebra : ^0;;
STR#;10020;Textes divers;13;;Trouvez le fichier modÃ¨le HTML :;;
STR#;10020;Textes divers;14;;Erreur de syntaxe : attribut illisible ?!?;;
STR#;10020;Textes divers;15;;ERREUR, attribut non trouvÃ© dans l'arbre de jeu :;;
STR#;10020;Textes divers;16;;Attribut dÃ©truit dans l'arbre de jeu :;;
STR#;10020;Textes divers;17;;Attribut ajoutÃ© Ã  l'arbre de jeu :;;
STR#;10024;Textes regression;1;;score thÃ©orique ^0;;
STR#;10024;Textes regression;2;;, estimÃ© Ã  ^0 par Edmond;;
STR#;10024;Textes regression;3;;, estimÃ© Ã  ^0 par Cassio;;
STR#;10024;Textes regression;4;;, estimÃ© Ã  ^0 par le vieux Cassio;;
STR#;10024;Textes regression;5;;score thÃ©orique = ^0;;
STR#;10024;Textes regression;6;;, score final = ^0;;
STR#;10024;Textes regression;7;;score ouverture = ^0;;
